{
  "logistic_regression": {
    "cv": {
      "cv_accuracy_mean": 0.9714285714285713,
      "cv_f1_macro_mean": 0.9693388445937361,
      "cv_roc_auc_mean": 0.9938080495356036,
      "cv_pr_auc_mean": 0.996035762348661,
      "cv_malignant_recall_mean": 0.9470588235294117,
      "cv_malignant_precision_mean": 0.9767965367965367,
      "cv_accuracy_std": 0.016446845656149216,
      "cv_f1_macro_std": 0.017480622188516703,
      "cv_roc_auc_std": 0.006105345493394871,
      "cv_pr_auc_std": 0.004001728367819482,
      "cv_malignant_recall_std": 0.022009749333964365,
      "cv_malignant_precision_std": 0.033386251355563196
    },
    "test": {
      "test_accuracy": 0.9736842105263158,
      "test_f1_macro": 0.9718634306869601,
      "test_roc_auc": 0.9937169312169312,
      "test_pr_auc": 0.995973941705582,
      "test_malignant_recall": 0.9761904761904762,
      "test_malignant_precision": 0.9534883720930233
    }
  },
  "random_forest": {
    "cv": {
      "cv_accuracy_mean": 0.956043956043956,
      "cv_f1_macro_mean": 0.9525354399673471,
      "cv_roc_auc_mean": 0.987874097007224,
      "cv_pr_auc_mean": 0.9918891064916705,
      "cv_malignant_recall_mean": 0.9294117647058824,
      "cv_malignant_precision_mean": 0.9521645021645021,
      "cv_accuracy_std": 0.02691746970091406,
      "cv_f1_macro_std": 0.029571479486978712,
      "cv_roc_auc_std": 0.00716472856871404,
      "cv_pr_auc_std": 0.005138071942428784,
      "cv_malignant_recall_std": 0.06056253024110001,
      "cv_malignant_precision_std": 0.029789715459658337
    },
    "test": {
      "test_accuracy": 0.9473684210526315,
      "test_f1_macro": 0.9434523809523809,
      "test_roc_auc": 0.9927248677248677,
      "test_pr_auc": 0.9957949917882916,
      "test_malignant_recall": 0.9285714285714286,
      "test_malignant_precision": 0.9285714285714286
    }
  }
}