{
  "decision_threshold": 0.8800000000000002,
  "classification_report": {
    "malignant": {
      "precision": 0.8367346938775511,
      "recall": 0.9761904761904762,
      "f1-score": 0.9010989010989011,
      "support": 42.0
    },
    "benign": {
      "precision": 0.9846153846153847,
      "recall": 0.8888888888888888,
      "f1-score": 0.9343065693430657,
      "support": 72.0
    },
    "accuracy": 0.9210526315789473,
    "macro avg": {
      "precision": 0.9106750392464679,
      "recall": 0.9325396825396826,
      "f1-score": 0.9177027352209834,
      "support": 114.0
    },
    "weighted avg": {
      "precision": 0.9301330248698669,
      "recall": 0.9210526315789473,
      "f1-score": 0.9220721652531103,
      "support": 114.0
    }
  },
  "confusion_matrix": [
    [
      41,
      1
    ],
    [
      8,
      64
    ]
  ],
  "roc_auc_malignant": 0.992063492063492,
  "pr_auc_malignant": 0.9892942016731363,
  "brier_score": 0.03961738654446814
}