{
  "decision_threshold": 0.5,
  "classification_report": {
    "malignant": {
      "precision": 0.8913043478260869,
      "recall": 0.9761904761904762,
      "f1-score": 0.9318181818181818,
      "support": 42.0
    },
    "benign": {
      "precision": 0.9852941176470589,
      "recall": 0.9305555555555556,
      "f1-score": 0.9571428571428572,
      "support": 72.0
    },
    "accuracy": 0.9473684210526315,
    "macro avg": {
      "precision": 0.9382992327365729,
      "recall": 0.9533730158730158,
      "f1-score": 0.9444805194805195,
      "support": 114.0
    },
    "weighted avg": {
      "precision": 0.9506663077130165,
      "recall": 0.9473684210526315,
      "f1-score": 0.9478127136021872,
      "support": 114.0
    }
  },
  "confusion_matrix": [
    [
      41,
      1
    ],
    [
      5,
      67
    ]
  ]
}