{
  "accuracy": 0.9972527623176575,
  "loss": 0.013482766225934029,
  "val_accuracy": 0.9780219793319702,
  "val_loss": 0.055075451731681824,
  "best_epoch": 60
}